{"cameraMode":{"drawMode":0,"name":"Shaded","section":"Shading Mode"},"sceneLighting":true,"audioPlay":false,"sceneViewState":{"showFog":true,"showMaterialUpdate":false,"showSkybox":true,"showFlares":true,"showImageEffects":true,"showParticleSystems":true},"in2DMode":false,"pivot":{"x":33.55669403076172,"y":5.78848934173584,"z":7.439907550811768},"rotation":{"x":0.0056243110448122028,"y":-0.5793986320495606,"z":0.003993069753050804,"w":0.8150286078453064},"size":23.023530960083009,"orthographic":true}