{"cameraMode":{"drawMode":0,"name":"Shaded","section":"Shading Mode"},"sceneLighting":true,"audioPlay":false,"sceneViewState":{"showFog":true,"showMaterialUpdate":false,"showSkybox":true,"showFlares":true,"showImageEffects":true,"showParticleSystems":true},"in2DMode":false,"pivot":{"x":33.55669403076172,"y":5.78848934173584,"z":7.439907550811768},"rotation":{"x":0.04436550289392471,"y":0.028468182310461999,"z":-0.0012645830865949393,"w":0.9986124634742737},"size":20.294687271118165,"orthographic":true}